
insert into Skill (skill_code, name) values
('GE', 'General'),
('DO', 'Docker'),
('SQ', 'Sql'),
('JE', 'Jenkins'),
('GR', 'Gradle'),
('BA', 'Bash'),
('IJ', 'IntelliJ'),
('SB', 'Spring Boot');

insert into Tutorial  (skill_code, title, link, description, price, duration, keywords, level, medium) values
(
'GE',
'Title1',
'https://medium.freecodecamp.org/how-to-think-like-a-programmer-lessons-in-problem-solving-d1d8bf1de7d2',
'You probably also wondered what does it mean, exactly, to think like a programmer? And how do you do it?',
'0',
'20',
'Programming, logical, algorithm',
'Beginner',
'Course'
);

insert into Tutorial  (skill_code, title, link, description, price, duration, keywords, level, medium) values
(
'GE',
'Title1',
'https://medium.freecodecamp.org/how-to-think-like-a-programmer-lessons-in-problem-solving-d1d8bf1de7d2',
'You probably also wondered what does it mean, exactly, to think like a programmer? And how do you do it?',
'0',
'20',
'Programming, logical, algorithm',
'Beginner',
'Video'
);



insert into Tutorial  (skill_code, title, link, description, price, duration, keywords, level, medium) values
(
'GE',
'Title2',
'https://medium.freecodecamp.org/how-to-think-like-a-programmer-lessons-in-problem-solving-d1d8bf1de7d2',
'You probably also wondered what does it mean, exactly, to think like a programmer? And how do you do it?',
'0',
'20',
'Programming, logical, algorithm',
'Intermediate',
'Course'
);


insert into Tutorial  (skill_code, title, link, description, price, duration, keywords, level, medium) values
(
'GE',
'Title3',
'https://medium.freecodecamp.org/how-to-think-like-a-programmer-lessons-in-problem-solving-d1d8bf1de7d2',
'You probably also wondered what does it mean, exactly, to think like a programmer? And how do you do it?',
'0',
'20',
'Programming, logical, algorithm',
'Advanced',
'Video'
);

insert into Tutorial  (skill_code, title, link, description, price, duration, keywords, level, medium) values
(
'GE',
'Title4',
'https://medium.freecodecamp.org/how-to-think-like-a-programmer-lessons-in-problem-solving-d1d8bf1de7d2',
'You probably also wondered what does it mean, exactly, to think like a programmer? And how do you do it?',
'0',
'20',
'Programming, logical, algorithm',
'Advanced',
'Video'
);

insert into Tutorial  (skill_code, title, link, description, price, duration, keywords, level, medium) values
(
'DO',
'Title1',
'https://medium.freecodecamp.org/how-to-think-like-a-programmer-lessons-in-problem-solving-d1d8bf1de7d2',
'You probably also wondered what does it mean, exactly, to think like a programmer? And how do you do it?',
'0',
'20',
'Programming, logical, algorithm',
'Beginner',
'Article'
);


insert into Tutorial  (skill_code, title, link, description, price, duration, keywords, level, medium) values
(
'DO',
'Title2',
'https://medium.freecodecamp.org/how-to-think-like-a-programmer-lessons-in-problem-solving-d1d8bf1de7d2',
'You probably also wondered what does it mean, exactly, to think like a programmer? And how do you do it?',
'0',
'20',
'Programming, logical, algorithm',
'Intermediate',
'Course'
);


insert into Tutorial  (skill_code, title, link, description, price, duration, keywords, level, medium) values
(
'DO',
'Title3',
'https://medium.freecodecamp.org/how-to-think-like-a-programmer-lessons-in-problem-solving-d1d8bf1de7d2',
'You probably also wondered what does it mean, exactly, to think like a programmer? And how do you do it?',
'0',
'20',
'Programming, logical, algorithm',
'Advanced',
'Video'
);

insert into Tutorial  (skill_code, title, link, description, price, duration, keywords, level, medium) values
(
'SQ',
'Title2',
'https://medium.freecodecamp.org/how-to-think-like-a-programmer-lessons-in-problem-solving-d1d8bf1de7d2',
'You probably also wondered what does it mean, exactly, to think like a programmer? And how do you do it?',
'0',
'20',
'Programming, logical, algorithm',
'Intermediate',
'Course'
);


insert into Tutorial  (skill_code, title, link, description, price, duration, keywords, level, medium) values
(
'SQ',
'Title3',
'https://medium.freecodecamp.org/how-to-think-like-a-programmer-lessons-in-problem-solving-d1d8bf1de7d2',
'You probably also wondered what does it mean, exactly, to think like a programmer? And how do you do it?',
'0',
'20',
'Programming, logical, algorithm',
'Advanced',
'Video'
);


insert into Tutorial  (skill_code, title, link, description, price, duration, keywords, level, medium) values
(
'JE',
'Title1',
'https://medium.freecodecamp.org/how-to-think-like-a-programmer-lessons-in-problem-solving-d1d8bf1de7d2',
'You probably also wondered what does it mean, exactly, to think like a programmer? And how do you do it?',
'0',
'20',
'Programming, logical, algorithm',
'Beginner',
'Article'
);


insert into Tutorial  (skill_code, title, link, description, price, duration, keywords, level, medium) values
(
'BA',
'Title1',
'https://medium.freecodecamp.org/how-to-think-like-a-programmer-lessons-in-problem-solving-d1d8bf1de7d2',
'You probably also wondered what does it mean, exactly, to think like a programmer? And how do you do it?',
'0',
'20',
'Programming, logical, algorithm',
'Intermediate',
'Course'
);


insert into Tutorial  (skill_code, title, link, description, price, duration, keywords, level, medium) values
(
'BA',
'Title2',
'https://medium.freecodecamp.org/how-to-think-like-a-programmer-lessons-in-problem-solving-d1d8bf1de7d2',
'You probably also wondered what does it mean, exactly, to think like a programmer? And how do you do it?',
'0',
'20',
'Programming, logical, algorithm',
'Advanced',
'Video'
);

insert into Tutorial  (skill_code, title, link, description, price, duration, keywords, level, medium) values
(
'BA',
'Title3',
'https://medium.freecodecamp.org/how-to-think-like-a-programmer-lessons-in-problem-solving-d1d8bf1de7d2',
'You probably also wondered what does it mean, exactly, to think like a programmer? And how do you do it?',
'0',
'20',
'Programming, logical, algorithm',
'Intermediate',
'Course'
);

insert into Tutorial  (skill_code, title, link, description, price, duration, keywords, level, medium) values
(
'GR',
'Title1',
'https://medium.freecodecamp.org/how-to-think-like-a-programmer-lessons-in-problem-solving-d1d8bf1de7d2',
'You probably also wondered what does it mean, exactly, to think like a programmer? And how do you do it?',
'0',
'20',
'Programming, logical, algorithm',
'Intermediate',
'Course'
);


insert into Tutorial  (skill_code, title, link, description, price, duration, keywords, level, medium) values
(
'GR',
'Title2',
'https://medium.freecodecamp.org/how-to-think-like-a-programmer-lessons-in-problem-solving-d1d8bf1de7d2',
'You probably also wondered what does it mean, exactly, to think like a programmer? And how do you do it?',
'0',
'20',
'Programming, logical, algorithm',
'Advanced',
'Video'
);

insert into Tutorial  (skill_code, title, link, description, price, duration, keywords, level, medium) values
(
'GR',
'Title3',
'https://medium.freecodecamp.org/how-to-think-like-a-programmer-lessons-in-problem-solving-d1d8bf1de7d2',
'You probably also wondered what does it mean, exactly, to think like a programmer? And how do you do it?',
'0',
'20',
'Programming, logical, algorithm',
'Intermediate',
'Course'
);


insert into Tutorial  (skill_code, title, link, description, price, duration, keywords, level, medium) values
(
'IJ',
'Title1',
'https://medium.freecodecamp.org/how-to-think-like-a-programmer-lessons-in-problem-solving-d1d8bf1de7d2',
'You probably also wondered what does it mean, exactly, to think like a programmer? And how do you do it?',
'0',
'20',
'Programming, logical, algorithm',
'Intermediate',
'Course'
);


insert into Tutorial  (skill_code, title, link, description, price, duration, keywords, level, medium) values
(
'IJ',
'Title2',
'https://medium.freecodecamp.org/how-to-think-like-a-programmer-lessons-in-problem-solving-d1d8bf1de7d2',
'You probably also wondered what does it mean, exactly, to think like a programmer? And how do you do it?',
'0',
'20',
'Programming, logical, algorithm',
'Advanced',
'Video'
);

insert into Tutorial  (skill_code, title, link, description, price, duration, keywords, level, medium) values
(
'SB',
'Title1',
'https://medium.freecodecamp.org/how-to-think-like-a-programmer-lessons-in-problem-solving-d1d8bf1de7d2',
'You probably also wondered what does it mean, exactly, to think like a programmer? And how do you do it?',
'0',
'20',
'Programming, logical, algorithm',
'Beginner',
'Article'
);


insert into Tutorial  (skill_code, title, link, description, price, duration, keywords, level, medium) values
(
'SB',
'Title2',
'https://medium.freecodecamp.org/how-to-think-like-a-programmer-lessons-in-problem-solving-d1d8bf1de7d2',
'You probably also wondered what does it mean, exactly, to think like a programmer? And how do you do it?',
'0',
'20',
'Programming, logical, algorithm',
'Intermediate',
'Course'
);


insert into Tutorial  (skill_code, title, link, description, price, duration, keywords, level, medium) values
(
'SB',
'Title3',
'https://medium.freecodecamp.org/how-to-think-like-a-programmer-lessons-in-problem-solving-d1d8bf1de7d2',
'You probably also wondered what does it mean, exactly, to think like a programmer? And how do you do it?',
'0',
'20',
'Programming, logical, algorithm',
'Advanced',
'Video'
);

insert into Tutorial  (skill_code, title, link, description, price, duration, keywords, level, medium) values
(
'SB',
'Title4',
'https://medium.freecodecamp.org/how-to-think-like-a-programmer-lessons-in-problem-solving-d1d8bf1de7d2',
'You probably also wondered what does it mean, exactly, to think like a programmer? And how do you do it?',
'0',
'20',
'Programming, logical, algorithm',
'Advanced',
'Video'
);

insert into TutorialRating (tutorial_id, user_id, score, comment) values
(1, 4, 5, 'I loved it'),
(1, 5, 5, 'We loved it'),
(1, 6, 5, 'She loved it'),
(2, 6, 5, 'He loved it'),
(2, 8, 5, 'They loved it'),
(3, 6, 5, 'Everbody loved it'),
(3, 4, 1, 'I hated it'),
(4, 11, 1, 'We hated it'),
(5, 100, 5, 'I really thought it could have been better');